Temperature,Energy,Accept,Improve,Elapsed,Remaining
25000.0,1.75027027739e+18,   0:00:00
24770.79862231919,1.75027027739e+18,0.0,0.0,   0:00:01,   0:19:22
24543.69857549961,1.75027027739e+18,0.0,0.0,   0:00:02,   0:14:56
24318.680594424128,1.75027027739e+18,0.0,0.0,   0:00:02,   0:12:21
24095.72559059926,1.75027027739e+18,0.0,0.0,   0:00:03,   0:12:19
23874.814650535896,1.75027027739e+18,0.0,0.0,   0:00:03,   0:11:17
23655.929034144825,1.75027027739e+18,1.0,0.0,   0:00:04,   0:11:25
23439.050173147007,1.75027027739e+18,0.0,0.0,   0:00:05,   0:11:31
23224.15966949841,1.32779124493e+18,1.0,1.0,   0:00:06,   0:11:35
23011.239293829283,1.32779124493e+18,0.0,0.0,   0:00:06,   0:11:38
22800.270983897743,1.32779124493e+18,0.0,0.0,   0:00:07,   0:11:10
22591.236843057537,1.32779124493e+18,0.0,0.0,   0:00:07,   0:10:48
22384.119138739843,1.32779124493e+18,0.0,0.0,   0:00:08,   0:10:29
22178.900300949022,1.32779124493e+18,0.0,0.0,   0:00:08,   0:10:35
21975.562920772107,1.32779124493e+18,0.0,0.0,   0:00:09,   0:10:41
21774.089748902014,1.32779124493e+18,0.0,0.0,   0:00:10,   0:10:46
21574.463694174257,1.32779124493e+18,1.0,1.0,   0:00:11,   0:10:50
21376.66782211708,1.32779124493e+18,0.0,0.0,   0:00:11,   0:10:54
21180.68535351491,1.32779124493e+18,0.0,0.0,   0:00:12,   0:10:57
20986.499662984937,1.32779124493e+18,0.0,0.0,   0:00:12,   0:10:44
20794.094277566775,1.32779124493e+18,1.0,1.0,   0:00:13,   0:10:47
20603.452875325056,1.32779124493e+18,0.0,0.0,   0:00:14,   0:10:41
20414.55928396481,1.32779124493e+18,0.0,0.0,   0:00:14,   0:10:35
20227.397479459556,1.32779124493e+18,0.0,0.0,   0:00:15,   0:10:37
20041.95158469198,1.32779124493e+18,0.0,0.0,   0:00:16,   0:10:40
19858.205868107038,1.32779124493e+18,0.0,0.0,   0:00:16,   0:10:42
19676.144742377466,1.32779124493e+18,0.0,0.0,   0:00:17,   0:10:45
19495.752763081466,1.32779124493e+18,0.0,0.0,   0:00:18,   0:10:39
19317.014627392557,1.32779124493e+18,1.0,0.0,   0:00:18,   0:10:42
19139.915172781406,1.32779124493e+18,0.0,0.0,   0:00:19,   0:10:33
18964.43937572959,1.32779124493e+18,0.0,0.0,   0:00:20,   0:10:35
18790.572350455135,1.32779124493e+18,0.0,0.0,   0:00:20,   0:10:37
18618.299347649725,1.32779124493e+18,0.0,0.0,   0:00:21,   0:10:30
18447.605753227523,1.32779124493e+18,0.0,0.0,   0:00:21,   0:10:23
18278.477087085434,1.32779124493e+18,0.0,0.0,   0:00:22,   0:10:25
18110.89900187475,1.32779124493e+18,0.0,0.0,   0:00:23,   0:10:26
17944.857281784043,1.32779124493e+18,0.0,0.0,   0:00:23,   0:10:20
17780.33784133323,1.32779124493e+18,0.0,0.0,   0:00:24,   0:10:14
17617.32672417867,1.32779124493e+18,0.0,0.0,   0:00:24,   0:10:16
17455.810101929284,1.32779124493e+18,0.0,0.0,   0:00:25,   0:10:17
17295.77427297341,1.32779124493e+18,0.0,0.0,   0:00:25,   0:10:12
17137.20566131654,1.32779124493e+18,0.0,0.0,   0:00:26,   0:10:06
16980.090815429612,1.32779124493e+18,0.0,0.0,   0:00:27,   0:10:08
16824.416407107943,1.32779124493e+18,0.0,0.0,   0:00:27,   0:10:05
16670.169230340554,1.32779124492e+18,1.0,1.0,   0:00:28,   0:10:00
16517.3362001899,1.32779124492e+18,0.0,0.0,   0:00:28,   0:09:55
16365.904351681873,1.32779124492e+18,0.0,0.0,   0:00:28,   0:09:51
16215.86083870596,1.32779124492e+18,1.0,0.0,   0:00:29,   0:09:47
16067.192932925493,1.32779124492e+18,0.0,0.0,   0:00:30,   0:09:48
15919.888022697894,1.32779124492e+18,0.0,0.0,   0:00:30,   0:09:50
15773.933612004832,1.32779124492e+18,0.0,0.0,   0:00:31,   0:09:51
15629.317319392145,1.32779124492e+18,0.0,0.0,   0:00:32,   0:09:53
15486.026876919534,1.32779124492e+18,0.0,0.0,   0:00:33,   0:09:54
15344.050129119854,1.32779124492e+18,0.0,0.0,   0:00:33,   0:09:55
15203.375031967948,1.32779124492e+18,0.0,0.0,   0:00:34,   0:09:51
15063.989651858945,1.32779124492e+18,0.0,0.0,   0:00:34,   0:09:53
14925.882164595921,1.32779124492e+18,0.0,0.0,   0:00:35,   0:09:54
14789.040854386847,1.32779124492e+18,0.0,0.0,   0:00:36,   0:09:55
14653.454112850717,1.32779124492e+18,0.0,0.0,   0:00:37,   0:09:56
14519.110438032802,1.32779124492e+18,0.0,0.0,   0:00:37,   0:09:54
14385.99843342892,1.32779124492e+18,0.0,0.0,   0:00:38,   0:09:50
14254.106807018688,1.32779124492e+18,0.0,0.0,   0:00:38,   0:09:48
14123.424370307563,1.32779124492e+18,0.0,0.0,   0:00:39,   0:09:46
13993.940037377753,1.32779124492e+18,1.0,0.0,   0:00:39,   0:09:42
13865.642823947768,1.32779124492e+18,0.0,0.0,   0:00:40,   0:09:43
13738.521846440613,1.32779124492e+18,0.0,0.0,   0:00:40,   0:09:40
13612.566321060529,1.32779124492e+18,0.0,0.0,   0:00:41,   0:09:37
13487.76556287819,1.32779124492e+18,1.0,0.0,   0:00:41,   0:09:33
13364.10898492429,1.32779124492e+18,0.0,0.0,   0:00:42,   0:09:34
13241.586097291443,1.32779124492e+18,1.0,0.0,   0:00:42,   0:09:31
13120.186506244314,1.32779124492e+18,0.0,0.0,   0:00:43,   0:09:32
12999.8999133379,1.32779124492e+18,0.0,0.0,   0:00:44,   0:09:33
12880.716114543911,1.32779124492e+18,1.0,0.0,   0:00:44,   0:09:30
12762.624999385156,1.32779124492e+18,0.0,0.0,   0:00:45,   0:09:27
12645.616550077852,1.32779124492e+18,0.0,0.0,   0:00:45,   0:09:24
12529.680840681805,1.32779124492e+18,0.0,0.0,   0:00:46,   0:09:25
12414.8080362584,1.32779124492e+18,0.0,0.0,   0:00:46,   0:09:23
12300.988392036274,1.32779124492e+18,0.0,0.0,   0:00:47,   0:09:20
12188.212252584657,1.32779124492e+18,0.0,0.0,   0:00:47,   0:09:17
12076.470050994316,1.32779124492e+18,0.0,0.0,   0:00:48,   0:09:15
11965.752308065956,1.32779124492e+18,0.0,0.0,   0:00:48,   0:09:16
11856.049631506115,1.32779124492e+18,0.0,0.0,   0:00:49,   0:09:13
11747.352715130386,1.32779124492e+18,0.0,0.0,   0:00:49,   0:09:11
11639.652338073973,1.32779124492e+18,0.0,0.0,   0:00:50,   0:09:09
11532.939364009484,1.32779124492e+18,1.0,0.0,   0:00:50,   0:09:10
11427.204740371875,1.32779124492e+18,0.0,0.0,   0:00:51,   0:09:08
11322.439497590516,1.32779124492e+18,0.0,0.0,   0:00:52,   0:09:09
11218.634748328303,1.32779124492e+18,0.0,0.0,   0:00:52,   0:09:09
11115.781686727718,1.32779124492e+18,0.0,0.0,   0:00:53,   0:09:07
11013.87158766383,1.32779124492e+18,0.0,0.0,   0:00:54,   0:09:09
10912.895806004148,1.32779124492e+18,0.0,0.0,   0:00:54,   0:09:10
10812.845775875217,1.32779124492e+18,0.0,0.0,   0:00:55,   0:09:07
10713.713009935986,1.32779124492e+18,0.0,0.0,   0:00:55,   0:09:06
10615.489098657821,1.32779124492e+18,0.0,0.0,   0:00:56,   0:09:05
10518.165709611101,1.32779124492e+18,0.0,0.0,   0:00:57,   0:09:05
10421.734586758384,1.32779124492e+18,0.0,0.0,   0:00:57,   0:09:04
10326.187549754033,1.32779124492e+18,0.0,0.0,   0:00:58,   0:09:02
10231.516493250272,1.32779124492e+18,0.0,0.0,   0:00:58,   0:09:00
10137.713386209594,1.32779124492e+18,0.0,0.0,   0:00:59,   0:09:00
10044.770271223499,1.32779124492e+18,0.0,0.0,   0:00:59,   0:08:58
9952.67926383743,1.32779124492e+18,0.0,0.0,   0:01:00,   0:08:56
9861.432551881959,1.32779124492e+18,0.0,0.0,   0:01:00,   0:08:57
9771.02239481005,1.32779124492e+18,1.0,0.0,   0:01:01,   0:08:56
9681.44112304043,1.32779124492e+18,0.0,0.0,   0:01:01,   0:08:55
9592.681137306969,1.32779124492e+18,0.0,0.0,   0:01:02,   0:08:53
9504.734908014028,1.32779124492e+18,0.0,0.0,   0:01:03,   0:08:53
9417.594974597721,1.32779124492e+18,0.0,0.0,   0:01:03,   0:08:51
9331.253944893013,1.32779124492e+18,0.0,0.0,   0:01:04,   0:08:52
9245.704494506654,1.32779124492e+18,1.0,0.0,   0:01:04,   0:08:51
9160.939366195831,1.32779124492e+18,1.0,0.0,   0:01:05,   0:08:49
9076.951369252534,1.32779124492e+18,0.0,0.0,   0:01:05,   0:08:49
8993.733378893556,1.32779124492e+18,0.0,0.0,   0:01:06,   0:08:50
8911.278335656105,1.32779124492e+18,1.0,0.0,   0:01:07,   0:08:48
8829.579244798924,1.32779124492e+18,0.0,0.0,   0:01:07,   0:08:46
8748.62917570893,1.32779124492e+18,0.0,0.0,   0:01:08,   0:08:47
8668.42126131329,1.32779124492e+18,0.0,0.0,   0:01:08,   0:08:47
8588.948697496864,1.32779124492e+18,0.0,0.0,   0:01:09,   0:08:47
8510.20474252502,1.32779124492e+18,1.0,0.0,   0:01:10,   0:08:48
8432.182716471722,1.32779124492e+18,0.0,0.0,   0:01:10,   0:08:46
8354.876000652857,1.32779124492e+18,0.0,0.0,   0:01:11,   0:08:44
8278.278037064774,1.32779124492e+18,0.0,0.0,   0:01:11,   0:08:43
8202.382327827974,1.32779124492e+18,0.0,0.0,   0:01:12,   0:08:43
8127.182434635859,1.32779124492e+18,0.0,0.0,   0:01:12,   0:08:41
8052.671978208587,1.32779124492e+18,0.0,0.0,   0:01:13,   0:08:39
7978.844637751904,1.32779124492e+18,0.0,0.0,   0:01:14,   0:08:40
7905.694150420947,1.32779124492e+18,0.0,0.0,   0:01:14,   0:08:40
7833.214310788962,1.32779124492e+18,0.0,0.0,   0:01:15,   0:08:39
7761.398970320887,1.32779124492e+18,0.0,0.0,   0:01:15,   0:08:39
7690.2420368517705,1.32779124492e+18,0.0,0.0,   0:01:16,   0:08:39
7619.737474069958,1.32779124492e+18,0.0,0.0,   0:01:17,   0:08:40
7549.87930100504,1.32779124492e+18,0.0,0.0,   0:01:17,   0:08:38
7480.661591520471,1.32779124492e+18,1.0,0.0,   0:01:18,   0:08:36
7412.078473810854,1.32779124492e+18,0.0,0.0,   0:01:19,   0:08:37
7344.124129903826,1.32779124492e+18,0.0,0.0,   0:01:19,   0:08:35
7276.792795166513,1.32779124492e+18,0.0,0.0,   0:01:20,   0:08:35
7210.078757816514,1.32779124492e+18,0.0,0.0,   0:01:20,   0:08:36
7143.976358437367,1.32779124492e+18,0.0,0.0,   0:01:21,   0:08:36
7078.479989498445,1.32779124492e+18,0.0,0.0,   0:01:22,   0:08:34
7013.584094879283,1.32779124492e+18,0.0,0.0,   0:01:22,   0:08:34
6949.283169398221,1.32779124492e+18,0.0,0.0,   0:01:23,   0:08:35
6885.571758345414,1.32779124492e+18,0.0,0.0,   0:01:24,   0:08:33
6822.4444570201,1.32779124492e+18,0.0,0.0,   0:01:24,   0:08:33
6759.895910272109,1.32779124492e+18,0.0,0.0,   0:01:25,   0:08:34
6697.920812047578,1.32779124492e+18,0.0,0.0,   0:01:26,   0:08:34
6636.513904938848,1.32779124492e+18,0.0,0.0,   0:01:26,   0:08:32
6575.669979738454,1.32779124492e+18,0.0,0.0,   0:01:27,   0:08:31
6515.383874997238,1.32779124492e+18,1.0,0.0,   0:01:27,   0:08:30
6455.65047658649,1.32779124492e+18,0.0,0.0,   0:01:28,   0:08:28
6396.4647172641135,1.32779124492e+18,0.0,0.0,   0:01:28,   0:08:28
6337.821576244768,1.32779124492e+18,0.0,0.0,   0:01:29,   0:08:27
6279.7160787739485,1.32779124492e+18,1.0,0.0,   0:01:29,   0:08:27
6222.143295705976,1.32779124492e+18,1.0,0.0,   0:01:30,   0:08:26
6165.098343085848,1.32779124492e+18,0.0,0.0,   0:01:31,   0:08:26
6108.57638173493,1.32779124492e+18,0.0,0.0,   0:01:31,   0:08:26
6052.572616840446,1.32779124492e+18,0.0,0.0,   0:01:32,   0:08:27
5997.0822975487245,1.32779124492e+18,0.0,0.0,   0:01:33,   0:08:26
5942.10071656219,1.32779124492e+18,0.0,0.0,   0:01:33,   0:08:26
5887.623209740023,1.32779124492e+18,0.0,0.0,   0:01:34,   0:08:26
5833.645155702507,1.32779124492e+18,0.0,0.0,   0:01:35,   0:08:25
5780.161975438987,1.32779124492e+18,0.0,0.0,   0:01:36,   0:08:25
5727.169131919431,1.32779124492e+18,0.0,0.0,   0:01:36,   0:08:24
5674.6621297095535,1.32779124492e+18,0.0,0.0,   0:01:36,   0:08:22
5622.6365145894515,1.32779124492e+18,0.0,0.0,   0:01:37,   0:08:21
5571.087873175759,1.32779124492e+18,0.0,0.0,   0:01:38,   0:08:21
5520.0118325472495,1.32779124492e+18,1.0,0.0,   0:01:38,   0:08:21
5469.404059873881,1.32779124492e+18,0.0,0.0,   0:01:39,   0:08:20
5419.260262049235,1.32779124492e+18,0.0,0.0,   0:01:39,   0:08:18
5369.576185326334,1.32779124492e+18,0.0,0.0,   0:01:40,   0:08:17
5320.34761495678,1.32779124492e+18,0.0,0.0,   0:01:40,   0:08:18
5271.5703748332235,1.32779124492e+18,1.0,0.0,   0:01:41,   0:08:18
5223.240327135098,1.32779124492e+18,0.0,0.0,   0:01:42,   0:08:18
5175.353371977605,1.32779124492e+18,0.0,0.0,   0:01:42,   0:08:16
5127.905447063912,1.32779124492e+18,0.0,0.0,   0:01:43,   0:08:16
5080.892527340554,1.32779124492e+18,0.0,0.0,   0:01:44,   0:08:16
5034.310624655969,1.32779124492e+18,0.0,0.0,   0:01:45,   0:08:16
4988.155787422198,1.32779124492e+18,0.0,0.0,   0:01:45,   0:08:16
4942.424100279652,1.32779124492e+18,1.0,0.0,   0:01:46,   0:08:16
4897.111683764974,1.32779124492e+18,0.0,0.0,   0:01:46,   0:08:15
4852.214693981945,1.32779124492e+18,0.0,0.0,   0:01:47,   0:08:15
4807.729322275395,1.32779124492e+18,0.0,0.0,   0:01:48,   0:08:13
4763.651794908117,1.32779124492e+18,0.0,0.0,   0:01:48,   0:08:13
4719.978372740733,1.32779124492e+18,0.0,0.0,   0:01:49,   0:08:12
4676.705350914502,1.32779124492e+18,1.0,0.0,   0:01:49,   0:08:12
4633.829058537029,1.32779124492e+18,0.0,0.0,   0:01:50,   0:08:11
4591.345858370865,1.32779124492e+18,0.0,0.0,   0:01:51,   0:08:10
4549.252146524957,1.32779124492e+18,0.0,0.0,   0:01:51,   0:08:10
4507.5443521489215,1.32779124492e+18,0.0,0.0,   0:01:52,   0:08:10
4466.2189371301265,1.32779124492e+18,0.0,0.0,   0:01:52,   0:08:09
4425.272395793553,1.32779124492e+18,0.0,0.0,   0:01:53,   0:08:08
4384.701254604402,1.32779124492e+18,0.0,0.0,   0:01:53,   0:08:07
4344.502071873437,1.32779124492e+18,0.0,0.0,   0:01:54,   0:08:06
4304.671437465016,1.32779124492e+18,0.0,0.0,   0:01:55,   0:08:05
4265.205972507808,1.32779124492e+18,0.0,0.0,   0:01:55,   0:08:04
4226.10232910816,1.32779124492e+18,0.0,0.0,   0:01:56,   0:08:04
4187.357190066093,1.32779124492e+18,0.0,0.0,   0:01:56,   0:08:03
4148.9672685939,1.32779124492e+18,0.0,0.0,   0:01:57,   0:08:02
4110.929308037328,1.32779124492e+18,0.0,0.0,   0:01:57,   0:08:02
4073.240081599305,1.32779124492e+18,0.0,0.0,   0:01:58,   0:08:00
4035.8963920662154,1.32779124492e+18,0.0,0.0,   0:01:58,   0:07:59
3998.8950715366714,1.32779124492e+18,0.0,0.0,   0:01:59,   0:07:58
3962.232981152783,1.32779124492e+18,0.0,0.0,   0:02:00,   0:07:58
3925.90701083388,1.32779124492e+18,0.0,0.0,   0:02:00,   0:07:58
3889.9140790126853,1.32779124492e+18,0.0,0.0,   0:02:01,   0:07:57
3854.251132373898,1.32779124492e+18,0.0,0.0,   0:02:01,   0:07:56
3818.915145595181,1.32779124492e+18,0.0,0.0,   0:02:02,   0:07:55
3783.90312109052,1.32779124492e+18,0.0,0.0,   0:02:02,   0:07:54
3749.2120887559336,1.32779124492e+18,0.0,0.0,   0:02:03,   0:07:53
3714.8391057175163,1.32779124492e+18,1.0,0.0,   0:02:03,   0:07:53
3680.7812560817965,1.32779124492e+18,0.0,0.0,   0:02:04,   0:07:53
3647.0356506883695,1.32779124492e+18,1.0,0.0,   0:02:05,   0:07:53
3613.599426864818,1.32779124492e+18,0.0,0.0,   0:02:06,   0:07:53
3580.469748183858,1.32779124492e+18,0.0,0.0,   0:02:06,   0:07:52
3547.6438042227305,1.32779124492e+18,1.0,0.0,   0:02:07,   0:07:51
3515.118810324784,1.32779124492e+18,0.0,0.0,   0:02:07,   0:07:50
3482.8920073632567,1.32779124492e+18,0.0,0.0,   0:02:08,   0:07:49
3450.9606615072116,1.32779124492e+18,0.0,0.0,   0:02:08,   0:07:48
3419.322063989622,1.32779124492e+18,0.0,0.0,   0:02:09,   0:07:47
3387.9735308775903,1.32779124492e+18,0.0,0.0,   0:02:09,   0:07:47
3356.912402844659,1.32779124492e+18,0.0,0.0,   0:02:10,   0:07:47
3326.1360449452263,1.32779124492e+18,0.0,0.0,   0:02:11,   0:07:46
3295.6418463910177,1.32779124492e+18,1.0,0.0,   0:02:11,   0:07:46
3265.427220329603,1.32779124492e+18,0.0,0.0,   0:02:12,   0:07:45
3235.4896036249643,1.32779124492e+18,0.0,0.0,   0:02:13,   0:07:45
3205.826456640054,1.32779124492e+18,0.0,0.0,   0:02:14,   0:07:45
3176.435263021354,1.32779124492e+18,0.0,0.0,   0:02:14,   0:07:45
3147.3135294854183,1.32779124492e+18,0.0,0.0,   0:02:15,   0:07:44
3118.4587856073576,1.32779124492e+18,0.0,0.0,   0:02:15,   0:07:43
3089.8685836112745,1.32779124492e+18,0.0,0.0,   0:02:16,   0:07:42
3061.540498162621,1.32779124492e+18,0.0,0.0,   0:02:16,   0:07:41
3033.472126162442,1.32779124492e+18,0.0,0.0,   0:02:17,   0:07:40
3005.661086543532,1.32779124492e+18,0.0,0.0,   0:02:17,   0:07:40
2978.1050200684363,1.32779124492e+18,1.0,0.0,   0:02:18,   0:07:40
2950.801589129323,1.32779124492e+18,0.0,0.0,   0:02:19,   0:07:39
2923.7484775496773,1.32779124492e+18,0.0,0.0,   0:02:19,   0:07:38
2896.9433903878144,1.32779124492e+18,0.0,0.0,   0:02:20,   0:07:38
2870.384053742207,1.32779124492e+18,0.0,0.0,   0:02:20,   0:07:37
2844.068214558577,1.32779124492e+18,0.0,0.0,   0:02:21,   0:07:36
2817.9936404387754,1.32779124492e+18,0.0,0.0,   0:02:21,   0:07:35
2792.158119451403,1.32779124492e+18,1.0,0.0,   0:02:22,   0:07:35
2766.5594599441642,1.32779124492e+18,0.0,0.0,   0:02:23,   0:07:34
2741.195490357961,1.32779124492e+18,1.0,0.0,   0:02:23,   0:07:34
2716.064059042663,1.32779124492e+18,0.0,0.0,   0:02:24,   0:07:33
2691.163034074586,1.32779124492e+18,0.0,0.0,   0:02:25,   0:07:33
2666.490303075644,1.32779124492e+18,0.0,0.0,   0:02:25,   0:07:32
2642.0437730341455,1.32779124492e+18,0.0,0.0,   0:02:25,   0:07:31
2617.8213701272475,1.32779124492e+18,0.0,0.0,   0:02:26,   0:07:30
2593.821039545031,1.32779124492e+18,0.0,0.0,   0:02:27,   0:07:29
2570.0407453161833,1.32779124492e+18,1.0,0.0,   0:02:27,   0:07:29
2546.4784701352924,1.32779124492e+18,0.0,0.0,   0:02:28,   0:07:28
2523.1322151917107,1.32779124492e+18,0.0,0.0,   0:02:28,   0:07:27
2499.9999999999995,1.32779124492e+18,0.0,0.0,   0:02:29,   0:07:27
2477.079862231918,1.32779124492e+18,0.0,0.0,   0:02:30,   0:07:27
2454.3698575499598,1.32779124492e+18,0.0,0.0,   0:02:30,   0:07:26
2431.8680594424122,1.32779124492e+18,0.0,0.0,   0:02:31,   0:07:25
2409.5725590599254,1.32779124492e+18,0.0,0.0,   0:02:31,   0:07:24
2387.4814650535886,1.32779124492e+18,0.0,0.0,   0:02:32,   0:07:23
2365.592903414482,1.32779124492e+18,0.0,0.0,   0:02:32,   0:07:22
2343.9050173146998,1.32779124492e+18,0.0,0.0,   0:02:33,   0:07:22
2322.415966949841,1.32779124492e+18,0.0,0.0,   0:02:33,   0:07:21
2301.123929382928,1.32779124492e+18,0.0,0.0,   0:02:34,   0:07:21
2280.027098389774,1.32779124492e+18,1.0,0.0,   0:02:35,   0:07:20
2259.1236843057536,1.32779124492e+18,1.0,0.0,   0:02:35,   0:07:20
2238.4119138739834,1.32779124492e+18,0.0,0.0,   0:02:36,   0:07:20
2217.8900300949017,1.32779124492e+18,0.0,0.0,   0:02:37,   0:07:20
2197.55629207721,1.32779124492e+18,0.0,0.0,   0:02:37,   0:07:19
2177.4089748902,1.32779124492e+18,0.0,0.0,   0:02:38,   0:07:19
2157.446369417425,1.32779124492e+18,0.0,0.0,   0:02:39,   0:07:18
2137.6667822117074,1.32779124492e+18,0.0,0.0,   0:02:39,   0:07:18
2118.068535351491,1.32779124492e+18,0.0,0.0,   0:02:40,   0:07:18
2098.6499662984934,1.32779124492e+18,0.0,0.0,   0:02:41,   0:07:17
2079.409427756677,1.32779124492e+18,0.0,0.0,   0:02:42,   0:07:17
2060.3452875325056,1.32779124492e+18,0.0,0.0,   0:02:42,   0:07:16
2041.4559283964804,1.32779124492e+18,1.0,0.0,   0:02:43,   0:07:16
2022.739747945956,1.32779124492e+18,1.0,0.0,   0:02:43,   0:07:15
2004.1951584691967,1.32779124492e+18,1.0,0.0,   0:02:44,   0:07:15
1985.8205868107025,1.32779124492e+18,0.0,0.0,   0:02:45,   0:07:14
1967.6144742377462,1.32779124492e+18,0.0,0.0,   0:02:45,   0:07:13
1949.5752763081462,1.32779124492e+18,0.0,0.0,   0:02:46,   0:07:13
1931.7014627392555,1.32779124492e+18,0.0,0.0,   0:02:47,   0:07:13
1913.9915172781405,1.32779124492e+18,0.0,0.0,   0:02:47,   0:07:12
1896.4439375729587,1.32779124492e+18,0.0,0.0,   0:02:48,   0:07:11
1879.0572350455136,1.32779124492e+18,0.0,0.0,   0:02:48,   0:07:10
1861.8299347649722,1.32779124492e+18,0.0,0.0,   0:02:49,   0:07:10
1844.7605753227524,1.32779124492e+18,0.0,0.0,   0:02:50,   0:07:10
1827.8477087085435,1.32779124492e+18,0.0,0.0,   0:02:50,   0:07:09
1811.0899001874748,1.32779124492e+18,0.0,0.0,   0:02:51,   0:07:08
1794.4857281784034,1.32779124492e+18,0.0,0.0,   0:02:52,   0:07:08
1778.033784133322,1.32779124492e+18,1.0,0.0,   0:02:52,   0:07:08
1761.7326724178672,1.32779124492e+18,0.0,0.0,   0:02:53,   0:07:08
1745.581010192928,1.32779124492e+18,0.0,0.0,   0:02:53,   0:07:07
1729.5774272973404,1.32779124492e+18,0.0,0.0,   0:02:54,   0:07:06
1713.7205661316536,1.32779124492e+18,0.0,0.0,   0:02:55,   0:07:06
1698.009081542961,1.32779124492e+18,0.0,0.0,   0:02:55,   0:07:05
1682.4416407107942,1.32779124492e+18,0.0,0.0,   0:02:56,   0:07:04
1667.016923034055,1.32779124492e+18,0.0,0.0,   0:02:57,   0:07:04
1651.7336200189895,1.32779124492e+18,0.0,0.0,   0:02:57,   0:07:04
1636.5904351681875,1.32779124492e+18,0.0,0.0,   0:02:58,   0:07:03
1621.586083870595,1.32779124492e+18,0.0,0.0,   0:02:59,   0:07:03
1606.7192932925489,1.32779124492e+18,0.0,0.0,   0:03:00,   0:07:03
1591.988802269789,1.32779124492e+18,0.0,0.0,   0:03:00,   0:07:03
1577.3933612004823,1.32779124492e+18,0.0,0.0,   0:03:01,   0:07:02
1562.9317319392142,1.32779124492e+18,1.0,0.0,   0:03:01,   0:07:01
1548.602687691953,1.32779124492e+18,0.0,0.0,   0:03:02,   0:07:01
1534.4050129119853,1.32779124492e+18,0.0,0.0,   0:03:03,   0:07:00
1520.3375031967944,1.32779124492e+18,0.0,0.0,   0:03:03,   0:07:00
1506.3989651858938,1.32779124492e+18,0.0,0.0,   0:03:04,   0:06:59
1492.588216459592,1.32779124492e+18,0.0,0.0,   0:03:04,   0:06:58
1478.9040854386847,1.32779124492e+18,0.0,0.0,   0:03:05,   0:06:58
1465.345411285072,1.32779124492e+18,0.0,0.0,   0:03:06,   0:06:57
1451.9110438032797,1.32779124492e+18,0.0,0.0,   0:03:06,   0:06:56
1438.5998433428915,1.32779124492e+18,0.0,0.0,   0:03:07,   0:06:55
1425.4106807018684,1.32779124492e+18,1.0,0.0,   0:03:07,   0:06:55
1412.3424370307557,1.32779124492e+18,0.0,0.0,   0:03:08,   0:06:54
1399.3940037377752,1.32779124492e+18,0.0,0.0,   0:03:09,   0:06:54
1386.5642823947765,1.32779124492e+18,0.0,0.0,   0:03:09,   0:06:53
1373.8521846440608,1.32779124492e+18,0.0,0.0,   0:03:10,   0:06:53
1361.2566321060528,1.32779124492e+18,0.0,0.0,   0:03:10,   0:06:52
1348.7765562878187,1.32779124492e+18,0.0,0.0,   0:03:11,   0:06:52
1336.4108984924292,1.32779124492e+18,0.0,0.0,   0:03:11,   0:06:51
1324.1586097291445,1.32779124492e+18,0.0,0.0,   0:03:12,   0:06:50
1312.0186506244306,1.32779124492e+18,0.0,0.0,   0:03:13,   0:06:49
1299.9899913337895,1.32779124492e+18,0.0,0.0,   0:03:13,   0:06:49
1288.0716114543907,1.32779124492e+18,1.0,0.0,   0:03:14,   0:06:49
1276.2624999385155,1.32779124492e+18,0.0,0.0,   0:03:15,   0:06:48
1264.5616550077848,1.32779124492e+18,0.0,0.0,   0:03:15,   0:06:47
1252.9680840681801,1.32779124492e+18,0.0,0.0,   0:03:16,   0:06:46
1241.48080362584,1.32779124492e+18,0.0,0.0,   0:03:16,   0:06:45
1230.0988392036268,1.32779124492e+18,0.0,0.0,   0:03:17,   0:06:45
1218.8212252584658,1.32779124492e+18,0.0,0.0,   0:03:18,   0:06:45
1207.6470050994315,1.32779124492e+18,0.0,0.0,   0:03:18,   0:06:44
1196.5752308065955,1.32779124492e+18,0.0,0.0,   0:03:19,   0:06:43
1185.6049631506116,1.32779124492e+18,0.0,0.0,   0:03:19,   0:06:43
1174.735271513038,1.32779124492e+18,0.0,0.0,   0:03:20,   0:06:43
1163.965233807397,1.32779124492e+18,0.0,0.0,   0:03:21,   0:06:42
1153.293936400948,1.32779124492e+18,0.0,0.0,   0:03:21,   0:06:41
1142.720474037187,1.32779124492e+18,0.0,0.0,   0:03:22,   0:06:40
1132.2439497590515,1.32779124492e+18,0.0,0.0,   0:03:22,   0:06:40
1121.86347483283,1.32779124492e+18,0.0,0.0,   0:03:23,   0:06:39
1111.5781686727717,1.32779124492e+18,0.0,0.0,   0:03:23,   0:06:38
1101.387158766383,1.32779124492e+18,1.0,0.0,   0:03:24,   0:06:38
1091.2895806004146,1.32779124492e+18,0.0,0.0,   0:03:24,   0:06:37
1081.2845775875219,1.32779124492e+18,0.0,0.0,   0:03:25,   0:06:36
1071.3713009935987,1.32779124492e+18,0.0,0.0,   0:03:25,   0:06:35
1061.5489098657824,1.32779124492e+18,0.0,0.0,   0:03:26,   0:06:34
1051.8165709611096,1.32779124492e+18,0.0,0.0,   0:03:26,   0:06:33
1042.1734586758378,1.32779124492e+18,0.0,0.0,   0:03:27,   0:06:32
1032.6187549754031,1.32779124492e+18,0.0,0.0,   0:03:27,   0:06:31
1023.1516493250267,1.32779124492e+18,0.0,0.0,   0:03:28,   0:06:31
1013.771338620959,1.32779124492e+18,0.0,0.0,   0:03:28,   0:06:31
1004.4770271223497,1.32779124492e+18,0.0,0.0,   0:03:29,   0:06:30
995.2679263837426,1.32779124492e+18,0.0,0.0,   0:03:30,   0:06:29
986.143255188196,1.32779124492e+18,0.0,0.0,   0:03:30,   0:06:28
977.1022394810049,1.32779124492e+18,0.0,0.0,   0:03:31,   0:06:28
968.1441123040426,1.32779124492e+18,0.0,0.0,   0:03:31,   0:06:27
959.2681137306969,1.32779124492e+18,0.0,0.0,   0:03:32,   0:06:26
950.4734908014024,1.32779124492e+18,0.0,0.0,   0:03:32,   0:06:26
941.7594974597719,1.32779124492e+18,0.0,0.0,   0:03:33,   0:06:25
933.125394489301,1.32779124492e+18,0.0,0.0,   0:03:33,   0:06:25
924.5704494506649,1.32779124492e+18,0.0,0.0,   0:03:34,   0:06:24
916.0939366195829,1.32779124492e+18,0.0,0.0,   0:03:34,   0:06:23
907.6951369252529,1.32779124492e+18,1.0,0.0,   0:03:35,   0:06:22
899.3733378893555,1.32779124492e+18,0.0,0.0,   0:03:35,   0:06:21
891.1278335656103,1.32779124492e+18,0.0,0.0,   0:03:36,   0:06:21
882.957924479892,1.32779124492e+18,0.0,0.0,   0:03:37,   0:06:20
874.862917570893,1.32779124492e+18,0.0,0.0,   0:03:37,   0:06:19
866.842126131329,1.32779124492e+18,1.0,0.0,   0:03:38,   0:06:18
858.8948697496867,1.32779124492e+18,0.0,0.0,   0:03:38,   0:06:18
851.0204742525018,1.32779124492e+18,0.0,0.0,   0:03:39,   0:06:17
843.2182716471717,1.32779124492e+18,0.0,0.0,   0:03:39,   0:06:17
835.4876000652854,1.32779124492e+18,0.0,0.0,   0:03:40,   0:06:16
827.8278037064773,1.32779124492e+18,0.0,0.0,   0:03:40,   0:06:15
820.2382327827975,1.32779124492e+18,0.0,0.0,   0:03:41,   0:06:14
812.7182434635857,1.32779124492e+18,0.0,0.0,   0:03:41,   0:06:14
805.2671978208583,1.32779124492e+18,0.0,0.0,   0:03:42,   0:06:13
797.8844637751902,1.32779124492e+18,0.0,0.0,   0:03:43,   0:06:13
790.5694150420946,1.32779124492e+18,0.0,0.0,   0:03:43,   0:06:12
783.3214310788964,1.32779124492e+18,0.0,0.0,   0:03:44,   0:06:11
776.1398970320888,1.32779124492e+18,0.0,0.0,   0:03:44,   0:06:11
769.0242036851768,1.32779124492e+18,0.0,0.0,   0:03:45,   0:06:10
761.9737474069955,1.32779124492e+18,0.0,0.0,   0:03:46,   0:06:10
754.9879301005036,1.32779124492e+18,0.0,0.0,   0:03:46,   0:06:09
748.0661591520471,1.32779124492e+18,0.0,0.0,   0:03:47,   0:06:09
741.2078473810853,1.32779124492e+18,0.0,0.0,   0:03:48,   0:06:08
734.4124129903822,1.32779124492e+18,0.0,0.0,   0:03:48,   0:06:08
727.6792795166511,1.32779124492e+18,0.0,0.0,   0:03:49,   0:06:08
721.0078757816511,1.32779124492e+18,0.0,0.0,   0:03:50,   0:06:07
714.3976358437367,1.32779124492e+18,1.0,0.0,   0:03:51,   0:06:07
707.8479989498446,1.32779124492e+18,0.0,0.0,   0:03:51,   0:06:07
701.3584094879282,1.32779124492e+18,0.0,0.0,   0:03:52,   0:06:06
694.9283169398221,1.32779124492e+18,1.0,0.0,   0:03:53,   0:06:05
688.5571758345411,1.32779124492e+18,0.0,0.0,   0:03:53,   0:06:04
682.24444570201,1.32779124492e+18,0.0,0.0,   0:03:53,   0:06:04
675.9895910272106,1.32779124492e+18,0.0,0.0,   0:03:54,   0:06:03
669.7920812047576,1.32779124492e+18,0.0,0.0,   0:03:54,   0:06:02
663.6513904938846,1.32779124492e+18,1.0,0.0,   0:03:55,   0:06:01
657.5669979738452,1.32779124492e+18,0.0,0.0,   0:03:56,   0:06:01
651.5383874997237,1.32779124492e+18,0.0,0.0,   0:03:56,   0:06:01
645.5650476586488,1.32779124492e+18,0.0,0.0,   0:03:57,   0:06:00
639.6464717264112,1.32779124492e+18,1.0,0.0,   0:03:58,   0:05:59
633.7821576244769,1.32779124492e+18,0.0,0.0,   0:03:58,   0:05:59
627.9716078773948,1.32779124492e+18,0.0,0.0,   0:03:59,   0:05:59
622.2143295705978,1.32779124492e+18,0.0,0.0,   0:04:00,   0:05:58
616.5098343085845,1.32779124492e+18,1.0,0.0,   0:04:00,   0:05:57
610.8576381734925,1.32779124492e+18,0.0,0.0,   0:04:01,   0:05:57
605.2572616840444,1.32779124492e+18,0.0,0.0,   0:04:01,   0:05:56
599.7082297548724,1.32779124492e+18,0.0,0.0,   0:04:02,   0:05:55
594.210071656219,1.32779124492e+18,0.0,0.0,   0:04:02,   0:05:54
588.7623209740023,1.32779124492e+18,0.0,0.0,   0:04:03,   0:05:53
583.3645155702504,1.32779124492e+18,0.0,0.0,   0:04:03,   0:05:53
578.0161975438986,1.32779124492e+18,0.0,0.0,   0:04:04,   0:05:53
572.7169131919431,1.32779124492e+18,0.0,0.0,   0:04:05,   0:05:52
567.4662129709554,1.32779124492e+18,0.0,0.0,   0:04:05,   0:05:51
562.2636514589452,1.32779124492e+18,0.0,0.0,   0:04:06,   0:05:51
557.1087873175758,1.32779124492e+18,0.0,0.0,   0:04:07,   0:05:51
552.0011832547248,1.32779124492e+18,0.0,0.0,   0:04:07,   0:05:50
546.9404059873879,1.32779124492e+18,0.0,0.0,   0:04:08,   0:05:49
541.9260262049235,1.32779124492e+18,0.0,0.0,   0:04:09,   0:05:49
536.9576185326332,1.32779124492e+18,1.0,0.0,   0:04:09,   0:05:49
532.0347614956777,1.32779124492e+18,1.0,0.0,   0:04:10,   0:05:48
527.1570374833223,1.32779124492e+18,0.0,0.0,   0:04:11,   0:05:48
522.3240327135096,1.32779124492e+18,0.0,0.0,   0:04:12,   0:05:47
517.5353371977604,1.32779124492e+18,0.0,0.0,   0:04:12,   0:05:47
512.7905447063912,1.32779124492e+18,0.0,0.0,   0:04:13,   0:05:46
508.0892527340552,1.32779124492e+18,0.0,0.0,   0:04:13,   0:05:45
503.43106246559705,1.32779124492e+18,0.0,0.0,   0:04:14,   0:05:45
498.8155787422196,1.32779124492e+18,0.0,0.0,   0:04:14,   0:05:44
494.242410027965,1.32779124492e+18,0.0,0.0,   0:04:15,   0:05:43
489.7111683764972,1.32779124492e+18,0.0,0.0,   0:04:16,   0:05:43
485.2214693981943,1.32779124492e+18,1.0,0.0,   0:04:16,   0:05:43
480.7729322275395,1.32779124492e+18,0.0,0.0,   0:04:17,   0:05:42
476.36517949081156,1.32779124492e+18,0.0,0.0,   0:04:17,   0:05:41
471.9978372740733,1.32779124492e+18,0.0,0.0,   0:04:18,   0:05:40
467.67053509145,1.32779124492e+18,0.0,0.0,   0:04:18,   0:05:40
463.38290585370265,1.32779124492e+18,0.0,0.0,   0:04:19,   0:05:39
459.1345858370866,1.32779124492e+18,0.0,0.0,   0:04:19,   0:05:38
454.92521465249575,1.32779124492e+18,0.0,0.0,   0:04:20,   0:05:38
450.75443521489206,1.32779124492e+18,0.0,0.0,   0:04:21,   0:05:37
446.62189371301247,1.32779124492e+18,0.0,0.0,   0:04:21,   0:05:36
442.527239579355,1.32779124492e+18,0.0,0.0,   0:04:22,   0:05:36
438.47012546043993,1.32779124492e+18,0.0,0.0,   0:04:23,   0:05:35
434.4502071873439,1.32779124492e+18,0.0,0.0,   0:04:23,   0:05:35
430.4671437465017,1.32779124492e+18,0.0,0.0,   0:04:24,   0:05:34
426.5205972507807,1.32779124492e+18,0.0,0.0,   0:04:24,   0:05:34
422.6102329108158,1.32779124492e+18,1.0,0.0,   0:04:25,   0:05:33
418.73571900660903,1.32779124492e+18,0.0,0.0,   0:04:26,   0:05:33
414.8967268593899,1.32779124492e+18,0.0,0.0,   0:04:26,   0:05:32
411.09293080373294,1.32779124492e+18,0.0,0.0,   0:04:27,   0:05:31
407.32400815993014,1.32779124492e+18,1.0,0.0,   0:04:27,   0:05:31
403.5896392066214,1.32779124492e+18,0.0,0.0,   0:04:28,   0:05:30
399.889507153667,1.32779124492e+18,0.0,0.0,   0:04:29,   0:05:30
396.2232981152785,1.32779124492e+18,0.0,0.0,   0:04:30,   0:05:29
392.59070108338784,1.32779124492e+18,0.0,0.0,   0:04:30,   0:05:29
388.9914079012686,1.32779124492e+18,0.0,0.0,   0:04:31,   0:05:28
385.42511323738984,1.32779124492e+18,0.0,0.0,   0:04:31,   0:05:28
381.89151455951776,1.32779124492e+18,0.0,0.0,   0:04:32,   0:05:27
378.3903121090519,1.32779124492e+18,1.0,0.0,   0:04:33,   0:05:26
374.9212088755932,1.32779124492e+18,0.0,0.0,   0:04:33,   0:05:26
371.4839105717515,1.32779124492e+18,0.0,0.0,   0:04:33,   0:05:25
368.07812560817945,1.32779124492e+18,1.0,0.0,   0:04:34,   0:05:24
364.70356506883707,1.32779124492e+18,0.0,0.0,   0:04:35,   0:05:24
361.3599426864818,1.32779124492e+18,1.0,0.0,   0:04:35,   0:05:23
358.04697481838576,1.32779124492e+18,1.0,0.0,   0:04:36,   0:05:22
354.7643804222729,1.32779124492e+18,0.0,0.0,   0:04:37,   0:05:22
351.5118810324786,1.32779124492e+18,0.0,0.0,   0:04:37,   0:05:22
348.28920073632554,1.32779124492e+18,1.0,0.0,   0:04:38,   0:05:21
345.09606615072124,1.32779124492e+18,0.0,0.0,   0:04:38,   0:05:20
341.93220639896225,1.32779124492e+18,0.0,0.0,   0:04:39,   0:05:20
338.7973530877586,1.32779124492e+18,1.0,0.0,   0:04:40,   0:05:19
335.69124028446583,1.32779124492e+18,0.0,0.0,   0:04:40,   0:05:19
332.6136044945226,1.32779124492e+18,0.0,0.0,   0:04:41,   0:05:18
329.5641846391018,1.32779124492e+18,1.0,0.0,   0:04:41,   0:05:17
326.5427220329601,1.32779124492e+18,0.0,0.0,   0:04:42,   0:05:17
323.5489603624965,1.32779124492e+18,0.0,0.0,   0:04:43,   0:05:16
320.5826456640053,1.32779124492e+18,0.0,0.0,   0:04:43,   0:05:16
317.6435263021353,1.32779124492e+18,0.0,0.0,   0:04:44,   0:05:15
314.73135294854166,1.32779124492e+18,0.0,0.0,   0:04:45,   0:05:15
311.84587856073585,1.32779124492e+18,0.0,0.0,   0:04:45,   0:05:14
308.98685836112736,1.32779124492e+18,0.0,0.0,   0:04:46,   0:05:14
306.1540498162619,1.32779124492e+18,0.0,0.0,   0:04:47,   0:05:13
303.3472126162443,1.32779124492e+18,0.0,0.0,   0:04:47,   0:05:12
300.5661086543529,1.32779124492e+18,0.0,0.0,   0:04:48,   0:05:12
297.81050200684354,1.32779124492e+18,0.0,0.0,   0:04:49,   0:05:11
295.08015891293223,1.32779124492e+18,0.0,0.0,   0:04:49,   0:05:11
292.3748477549678,1.32779124492e+18,0.0,0.0,   0:04:50,   0:05:10
289.69433903878127,1.32779124492e+18,0.0,0.0,   0:04:50,   0:05:09
287.03840537422064,1.32779124492e+18,0.0,0.0,   0:04:50,   0:05:08
284.40682145585765,1.32779124492e+18,0.0,0.0,   0:04:51,   0:05:08
281.7993640438775,1.32779124492e+18,0.0,0.0,   0:04:52,   0:05:07
279.21581194514016,1.32779124492e+18,0.0,0.0,   0:04:52,   0:05:07
276.6559459944164,1.32779124492e+18,0.0,0.0,   0:04:53,   0:05:06
274.11954903579607,1.32779124492e+18,0.0,0.0,   0:04:54,   0:05:06
271.6064059042661,1.32779124492e+18,0.0,0.0,   0:04:54,   0:05:05
269.1163034074587,1.32779124492e+18,1.0,0.0,   0:04:55,   0:05:04
266.6490303075644,1.32779124492e+18,0.0,0.0,   0:04:56,   0:05:04
264.20437730341445,1.32779124492e+18,0.0,0.0,   0:04:56,   0:05:03
261.7821370127247,1.32779124492e+18,0.0,0.0,   0:04:57,   0:05:03
259.3821039545032,1.32779124492e+18,0.0,0.0,   0:04:58,   0:05:02
257.0040745316182,1.32779124492e+18,0.0,0.0,   0:04:58,   0:05:02
254.64784701352917,1.32779124492e+18,1.0,0.0,   0:04:59,   0:05:01
252.31322151917104,1.32779124492e+18,0.0,0.0,   0:04:59,   0:05:00
249.9999999999999,1.32779124492e+18,0.0,0.0,   0:05:00,   0:05:00
247.70798622319174,1.32779124492e+18,0.0,0.0,   0:05:01,   0:04:59
245.4369857549959,1.32779124492e+18,0.0,0.0,   0:05:01,   0:04:59
243.1868059442413,1.32779124492e+18,0.0,0.0,   0:05:02,   0:04:58
240.95725590599238,1.32779124492e+18,0.0,0.0,   0:05:02,   0:04:57
238.74814650535893,1.32779124492e+18,0.0,0.0,   0:05:02,   0:04:56
236.5592903414482,1.32779124492e+18,0.0,0.0,   0:05:03,   0:04:56
234.39050173146995,1.32779124492e+18,1.0,0.0,   0:05:04,   0:04:55
232.2415966949839,1.32779124492e+18,0.0,0.0,   0:05:04,   0:04:54
230.11239293829286,1.32779124492e+18,0.0,0.0,   0:05:05,   0:04:54
228.0027098389772,1.32779124492e+18,0.0,0.0,   0:05:05,   0:04:53
225.91236843057533,1.32779124492e+18,0.0,0.0,   0:05:06,   0:04:53
223.8411913873984,1.32779124492e+18,0.0,0.0,   0:05:06,   0:04:52
221.7890030094901,1.32779124492e+18,0.0,0.0,   0:05:07,   0:04:51
219.75562920772094,1.32779124492e+18,0.0,0.0,   0:05:07,   0:04:50
217.74089748901997,1.32779124492e+18,0.0,0.0,   0:05:08,   0:04:50
215.74463694174258,1.32779124492e+18,0.0,0.0,   0:05:08,   0:04:49
213.7666782211706,1.32779124492e+18,0.0,0.0,   0:05:09,   0:04:49
211.80685353514903,1.32779124492e+18,0.0,0.0,   0:05:09,   0:04:48
209.8649966298493,1.32779124492e+18,0.0,0.0,   0:05:10,   0:04:47
207.94094277566765,1.32779124492e+18,0.0,0.0,   0:05:10,   0:04:46
206.0345287532504,1.32779124492e+18,0.0,0.0,   0:05:11,   0:04:46
204.1455928396481,1.32779124492e+18,0.0,0.0,   0:05:12,   0:04:45
202.27397479459555,1.32779124492e+18,0.0,0.0,   0:05:12,   0:04:45
200.41951584691955,1.32779124492e+18,1.0,0.0,   0:05:13,   0:04:44
198.5820586810703,1.32779124492e+18,1.0,0.0,   0:05:13,   0:04:43
196.76144742377457,1.32779124492e+18,0.0,0.0,   0:05:14,   0:04:43
194.95752763081455,1.32779124492e+18,0.0,0.0,   0:05:15,   0:04:42
193.17014627392544,1.32779124492e+18,0.0,0.0,   0:05:15,   0:04:42
191.3991517278141,1.32779124492e+18,0.0,0.0,   0:05:16,   0:04:41
189.64439375729575,1.32779124492e+18,1.0,0.0,   0:05:17,   0:04:41
187.9057235045513,1.32779124492e+18,0.0,0.0,   0:05:17,   0:04:40
186.1829934764972,1.32779124492e+18,0.0,0.0,   0:05:18,   0:04:40
184.4760575322753,1.32779124492e+18,0.0,0.0,   0:05:18,   0:04:39
182.78477087085423,1.32779124492e+18,0.0,0.0,   0:05:19,   0:04:38
181.10899001874753,1.32779124492e+18,0.0,0.0,   0:05:20,   0:04:38
179.44857281784041,1.32779124492e+18,0.0,0.0,   0:05:20,   0:04:37
177.80337841333207,1.32779124492e+18,1.0,0.0,   0:05:21,   0:04:36
176.17326724178668,1.32779124492e+18,1.0,0.0,   0:05:21,   0:04:36
174.55810101929274,1.32779124492e+18,0.0,0.0,   0:05:22,   0:04:35
172.957742729734,1.32779124492e+18,1.0,0.0,   0:05:22,   0:04:35
171.37205661316526,1.32779124492e+18,0.0,0.0,   0:05:23,   0:04:34
169.80090815429614,1.32779124492e+18,0.0,0.0,   0:05:24,   0:04:34
168.2441640710794,1.32779124492e+18,0.0,0.0,   0:05:25,   0:04:33
166.70169230340548,1.32779124492e+18,0.0,0.0,   0:05:25,   0:04:33
165.1733620018989,1.32779124492e+18,0.0,0.0,   0:05:26,   0:04:32
163.65904351681877,1.32779124492e+18,0.0,0.0,   0:05:27,   0:04:31
162.15860838705947,1.32779124492e+18,0.0,0.0,   0:05:27,   0:04:31
160.67192932925477,1.32779124492e+18,1.0,0.0,   0:05:27,   0:04:30
159.1988802269789,1.32779124492e+18,0.0,0.0,   0:05:28,   0:04:30
157.73933612004814,1.32779124492e+18,0.0,0.0,   0:05:29,   0:04:29
156.2931731939214,1.32779124492e+18,0.0,0.0,   0:05:29,   0:04:28
154.86026876919527,1.32779124492e+18,0.0,0.0,   0:05:30,   0:04:28
153.44050129119856,1.32779124492e+18,0.0,0.0,   0:05:31,   0:04:27
152.03375031967934,1.32779124492e+18,0.0,0.0,   0:05:31,   0:04:27
150.63989651858944,1.32779124492e+18,0.0,0.0,   0:05:32,   0:04:26
149.2588216459592,1.32779124492e+18,0.0,0.0,   0:05:32,   0:04:25
147.89040854386843,1.32779124492e+18,0.0,0.0,   0:05:33,   0:04:25
146.53454112850713,1.32779124492e+18,0.0,0.0,   0:05:33,   0:04:24
145.19110438032791,1.32779124492e+18,0.0,0.0,   0:05:34,   0:04:24
143.85998433428912,1.32779124492e+18,0.0,0.0,   0:05:35,   0:04:23
142.54106807018675,1.32779124492e+18,0.0,0.0,   0:05:36,   0:04:23
141.2342437030756,1.32779124492e+18,0.0,0.0,   0:05:36,   0:04:22
139.93940037377752,1.32779124492e+18,1.0,0.0,   0:05:37,   0:04:21
138.65642823947763,1.32779124492e+18,0.0,0.0,   0:05:37,   0:04:21
137.38521846440605,1.32779124492e+18,0.0,0.0,   0:05:38,   0:04:20
136.12566321060532,1.32779124492e+18,0.0,0.0,   0:05:38,   0:04:19
134.87765562878178,1.32779124492e+18,0.0,0.0,   0:05:39,   0:04:19
133.6410898492429,1.32779124492e+18,1.0,0.0,   0:05:39,   0:04:18
132.4158609729144,1.32779124492e+18,1.0,0.0,   0:05:40,   0:04:18
131.2018650624431,1.32779124492e+18,0.0,0.0,   0:05:41,   0:04:17
129.99899913337893,1.32779124492e+18,0.0,0.0,   0:05:41,   0:04:17
128.80716114543904,1.32779124492e+18,1.0,0.0,   0:05:42,   0:04:16
127.62624999385157,1.32779124492e+18,0.0,0.0,   0:05:42,   0:04:15
126.45616550077838,1.32779124492e+18,0.0,0.0,   0:05:43,   0:04:14
125.29680840681804,1.32779124492e+18,0.0,0.0,   0:05:43,   0:04:14
124.14808036258398,1.32779124492e+18,0.0,0.0,   0:05:44,   0:04:13
123.00988392036267,1.32779124492e+18,0.0,0.0,   0:05:45,   0:04:13
121.8821225258465,1.32779124492e+18,0.0,0.0,   0:05:45,   0:04:12
120.76470050994318,1.32779124492e+18,0.0,0.0,   0:05:46,   0:04:12
119.65752308065949,1.32779124492e+18,0.0,0.0,   0:05:47,   0:04:11
118.56049631506114,1.32779124492e+18,0.0,0.0,   0:05:47,   0:04:10
117.47352715130383,1.32779124492e+18,0.0,0.0,   0:05:48,   0:04:10
116.39652338073958,1.32779124492e+18,0.0,0.0,   0:05:49,   0:04:09
115.32939364009478,1.32779124492e+18,0.0,0.0,   0:05:49,   0:04:09
114.27204740371867,1.32779124492e+18,0.0,0.0,   0:05:50,   0:04:08
113.22439497590518,1.32779124492e+18,1.0,0.0,   0:05:50,   0:04:07
112.18634748328292,1.32779124492e+18,0.0,0.0,   0:05:51,   0:04:07
111.15781686727715,1.32779124492e+18,0.0,0.0,   0:05:52,   0:04:06
110.13871587663827,1.32779124492e+18,0.0,0.0,   0:05:52,   0:04:06
109.12895806004144,1.32779124492e+18,0.0,0.0,   0:05:53,   0:04:05
108.1284577587521,1.32779124492e+18,0.0,0.0,   0:05:53,   0:04:05
107.1371300993599,1.32779124492e+18,1.0,0.0,   0:05:54,   0:04:04
106.15489098657811,1.32779124492e+18,0.0,0.0,   0:05:55,   0:04:03
105.1816570961109,1.32779124492e+18,0.0,0.0,   0:05:55,   0:04:03
104.21734586758382,1.32779124492e+18,0.0,0.0,   0:05:56,   0:04:02
103.26187549754029,1.32779124492e+18,0.0,0.0,   0:05:56,   0:04:01
102.31516493250267,1.32779124492e+18,0.0,0.0,   0:05:57,   0:04:01
101.37713386209589,1.32779124492e+18,0.0,0.0,   0:05:58,   0:04:00
100.44770271223499,1.32779124492e+18,0.0,0.0,   0:05:58,   0:04:00
99.5267926383742,1.32779124492e+18,0.0,0.0,   0:05:59,   0:03:59
98.61432551881957,1.32779124492e+18,0.0,0.0,   0:06:00,   0:03:59
97.71022394810046,1.32779124492e+18,0.0,0.0,   0:06:00,   0:03:58
96.81441123040425,1.32779124492e+18,0.0,0.0,   0:06:01,   0:03:58
95.92681137306961,1.32779124492e+18,0.0,0.0,   0:06:01,   0:03:57
95.04734908014031,1.32779124492e+18,0.0,0.0,   0:06:02,   0:03:56
94.1759497459772,1.32779124492e+18,0.0,0.0,   0:06:03,   0:03:56
93.31253944893004,1.32779124492e+18,0.0,0.0,   0:06:03,   0:03:55
92.45704494506651,1.32779124492e+18,0.0,0.0,   0:06:04,   0:03:55
91.60939366195826,1.32779124492e+18,0.0,0.0,   0:06:05,   0:03:54
90.76951369252528,1.32779124492e+18,0.0,0.0,   0:06:05,   0:03:54
89.9373337889355,1.32779124492e+18,0.0,0.0,   0:06:06,   0:03:53
89.11278335656105,1.32779124492e+18,0.0,0.0,   0:06:07,   0:03:53
88.29579244798914,1.32779124492e+18,0.0,0.0,   0:06:07,   0:03:52
87.48629175708929,1.32779124492e+18,1.0,0.0,   0:06:08,   0:03:51
86.68421261313287,1.32779124492e+18,0.0,0.0,   0:06:09,   0:03:51
85.88948697496868,1.32779124492e+18,0.0,0.0,   0:06:09,   0:03:50
85.10204742525016,1.32779124492e+18,0.0,0.0,   0:06:10,   0:03:49
84.32182716471713,1.32779124492e+18,0.0,0.0,   0:06:10,   0:03:49
83.54876000652855,1.32779124492e+18,1.0,0.0,   0:06:11,   0:03:48
82.78278037064767,1.32779124492e+18,0.0,0.0,   0:06:11,   0:03:48
82.02382327827972,1.32779124492e+18,0.0,0.0,   0:06:12,   0:03:47
81.27182434635854,1.32779124492e+18,0.0,0.0,   0:06:12,   0:03:46
80.5267197820858,1.32779124492e+18,1.0,0.0,   0:06:13,   0:03:46
79.78844637751897,1.32779124492e+18,0.0,0.0,   0:06:14,   0:03:45
79.05694150420948,1.32779124492e+18,0.0,0.0,   0:06:14,   0:03:45
78.33214310788962,1.32779124492e+18,0.0,0.0,   0:06:15,   0:03:44
77.61398970320886,1.32779124492e+18,0.0,0.0,   0:06:15,   0:03:43
76.90242036851767,1.32779124492e+18,0.0,0.0,   0:06:16,   0:03:43
76.19737474069953,1.32779124492e+18,0.0,0.0,   0:06:16,   0:03:42
75.49879301005035,1.32779124492e+18,0.0,0.0,   0:06:17,   0:03:41
74.80661591520466,1.32779124492e+18,0.0,0.0,   0:06:18,   0:03:41
74.12078473810854,1.32779124492e+18,0.0,0.0,   0:06:18,   0:03:40
73.44124129903818,1.32779124492e+18,1.0,0.0,   0:06:19,   0:03:40
72.7679279516651,1.32779124492e+18,0.0,0.0,   0:06:19,   0:03:39
72.10078757816511,1.32779124492e+18,1.0,0.0,   0:06:20,   0:03:38
71.43976358437368,1.32779124492e+18,0.0,0.0,   0:06:20,   0:03:38
70.78479989498442,1.32779124492e+18,0.0,0.0,   0:06:21,   0:03:37
70.13584094879283,1.32779124492e+18,0.0,0.0,   0:06:22,   0:03:37
69.4928316939822,1.32779124492e+18,0.0,0.0,   0:06:22,   0:03:36
68.85571758345408,1.32779124492e+18,0.0,0.0,   0:06:23,   0:03:35
68.22444457020099,1.32779124492e+18,0.0,0.0,   0:06:23,   0:03:35
67.59895910272104,1.32779124492e+18,0.0,0.0,   0:06:24,   0:03:34
66.97920812047575,1.32779124492e+18,0.0,0.0,   0:06:24,   0:03:33
66.36513904938842,1.32779124492e+18,0.0,0.0,   0:06:25,   0:03:33
65.75669979738453,1.32779124492e+18,1.0,0.0,   0:06:26,   0:03:32
65.15383874997237,1.32779124492e+18,0.0,0.0,   0:06:26,   0:03:32
64.55650476586487,1.32779124492e+18,1.0,0.0,   0:06:27,   0:03:31
63.9646471726411,1.32779124492e+18,0.0,0.0,   0:06:28,   0:03:31
63.3782157624477,1.32779124492e+18,0.0,0.0,   0:06:28,   0:03:30
62.79716078773944,1.32779124492e+18,0.0,0.0,   0:06:28,   0:03:29
62.22143295705977,1.32779124492e+18,1.0,0.0,   0:06:29,   0:03:28
61.65098343085846,1.32779124492e+18,0.0,0.0,   0:06:29,   0:03:28
61.08576381734922,1.32779124492e+18,0.0,0.0,   0:06:30,   0:03:27
60.525726168404425,1.32779124492e+18,0.0,0.0,   0:06:30,   0:03:27
59.970822975487216,1.32779124492e+18,0.0,0.0,   0:06:31,   0:03:26
59.42100716562191,1.32779124492e+18,0.0,0.0,   0:06:32,   0:03:25
58.87623209740018,1.32779124492e+18,0.0,0.0,   0:06:32,   0:03:25
58.33645155702505,1.32779124492e+18,1.0,0.0,   0:06:33,   0:03:24
57.80161975438985,1.32779124492e+18,0.0,0.0,   0:06:34,   0:03:24
57.2716913191943,1.32779124492e+18,0.0,0.0,   0:06:34,   0:03:23
56.74662129709551,1.32779124492e+18,0.0,0.0,   0:06:35,   0:03:23
56.226365145894526,1.32779124492e+18,1.0,0.0,   0:06:36,   0:03:22
55.71087873175753,1.32779124492e+18,0.0,0.0,   0:06:37,   0:03:22
55.20011832547243,1.32779124492e+18,0.0,0.0,   0:06:37,   0:03:21
54.69404059873879,1.32779124492e+18,1.0,0.0,   0:06:38,   0:03:20
54.19260262049234,1.32779124492e+18,0.0,0.0,   0:06:38,   0:03:20
53.69576185326331,1.32779124492e+18,0.0,0.0,   0:06:39,   0:03:19
53.20347614956776,1.32779124492e+18,0.0,0.0,   0:06:40,   0:03:19
52.71570374833223,1.32779124492e+18,0.0,0.0,   0:06:40,   0:03:18
52.23240327135093,1.32779124492e+18,0.0,0.0,   0:06:40,   0:03:17
51.75353371977604,1.32779124492e+18,1.0,0.0,   0:06:41,   0:03:17
51.27905447063912,1.32779124492e+18,0.0,0.0,   0:06:41,   0:03:16
50.808925273405514,1.32779124492e+18,0.0,0.0,   0:06:42,   0:03:15
50.34310624655968,1.32779124492e+18,0.0,0.0,   0:06:42,   0:03:15
49.881557874221954,1.32779124492e+18,0.0,0.0,   0:06:43,   0:03:14
49.424241002796514,1.32779124492e+18,0.0,0.0,   0:06:44,   0:03:13
48.97111683764969,1.32779124492e+18,0.0,0.0,   0:06:44,   0:03:13
48.522146939819436,1.32779124492e+18,0.0,0.0,   0:06:45,   0:03:12
48.07729322275393,1.32779124492e+18,0.0,0.0,   0:06:46,   0:03:12
47.63651794908115,1.32779124492e+18,0.0,0.0,   0:06:46,   0:03:11
47.1997837274073,1.32779124492e+18,0.0,0.0,   0:06:47,   0:03:11
46.76705350914501,1.32779124492e+18,0.0,0.0,   0:06:47,   0:03:10
46.33829058537024,1.32779124492e+18,0.0,0.0,   0:06:48,   0:03:09
45.913458583708646,1.32779124492e+18,0.0,0.0,   0:06:49,   0:03:09
45.49252146524957,1.32779124492e+18,0.0,0.0,   0:06:49,   0:03:08
45.07544352148924,1.32779124492e+18,0.0,0.0,   0:06:50,   0:03:08
44.66218937130124,1.32779124492e+18,1.0,0.0,   0:06:51,   0:03:07
44.25272395793549,1.32779124492e+18,1.0,0.0,   0:06:51,   0:03:07
43.84701254604403,1.32779124492e+18,0.0,0.0,   0:06:52,   0:03:06
43.445020718734334,1.32779124492e+18,0.0,0.0,   0:06:52,   0:03:05
43.04671437465016,1.32779124492e+18,0.0,0.0,   0:06:53,   0:03:05
42.65205972507806,1.32779124492e+18,0.0,0.0,   0:06:53,   0:03:04
42.26102329108158,1.32779124492e+18,0.0,0.0,   0:06:54,   0:03:03
41.8735719006609,1.32779124492e+18,0.0,0.0,   0:06:55,   0:03:03
41.48967268593901,1.32779124492e+18,1.0,0.0,   0:06:55,   0:03:02
41.10929308037324,1.32779124492e+18,0.0,0.0,   0:06:56,   0:03:02
40.732400815993046,1.32779124492e+18,0.0,0.0,   0:06:56,   0:03:01
40.358963920662134,1.32779124492e+18,0.0,0.0,   0:06:57,   0:03:00
39.98895071536669,1.32779124492e+18,1.0,0.0,   0:06:57,   0:03:00
39.622329811527806,1.32779124492e+18,0.0,0.0,   0:06:58,   0:02:59
39.259070108338776,1.32779124492e+18,0.0,0.0,   0:06:59,   0:02:59
38.89914079012685,1.32779124492e+18,0.0,0.0,   0:06:59,   0:02:58
38.542511323738935,1.32779124492e+18,0.0,0.0,   0:07:00,   0:02:57
38.189151455951794,1.32779124492e+18,0.0,0.0,   0:07:01,   0:02:57
37.83903121090518,1.32779124492e+18,0.0,0.0,   0:07:01,   0:02:56
37.49212088755931,1.32779124492e+18,0.0,0.0,   0:07:02,   0:02:56
37.14839105717514,1.32779124492e+18,0.0,0.0,   0:07:02,   0:02:55
36.807812560817965,1.32779124492e+18,1.0,0.0,   0:07:03,   0:02:54
36.470356506883704,1.32779124492e+18,0.0,0.0,   0:07:03,   0:02:54
36.13599426864814,1.32779124492e+18,0.0,0.0,   0:07:04,   0:02:53
35.804697481838566,1.32779124492e+18,0.0,0.0,   0:07:05,   0:02:53
35.47643804222728,1.32779124492e+18,0.0,0.0,   0:07:05,   0:02:52
35.15118810324782,1.32779124492e+18,0.0,0.0,   0:07:06,   0:02:51
34.828920073632545,1.32779124492e+18,0.0,0.0,   0:07:06,   0:02:51
34.509606615072116,1.32779124492e+18,0.0,0.0,   0:07:07,   0:02:50
34.19322063989619,1.32779124492e+18,0.0,0.0,   0:07:07,   0:02:50
33.879735308775885,1.32779124492e+18,0.0,0.0,   0:07:08,   0:02:49
33.56912402844657,1.32779124492e+18,0.0,0.0,   0:07:09,   0:02:48
33.261360449452276,1.32779124492e+18,0.0,0.0,   0:07:10,   0:02:48
32.95641846391015,1.32779124492e+18,1.0,0.0,   0:07:10,   0:02:47
32.65427220329603,1.32779124492e+18,0.0,0.0,   0:07:11,   0:02:47
32.35489603624964,1.32779124492e+18,0.0,0.0,   0:07:11,   0:02:46
32.058264566400496,1.32779124492e+18,0.0,0.0,   0:07:12,   0:02:45
31.764352630213523,1.32779124492e+18,1.0,0.0,   0:07:12,   0:02:45
31.47313529485416,1.32779124492e+18,0.0,0.0,   0:07:13,   0:02:44
31.18458785607355,1.32779124492e+18,0.0,0.0,   0:07:14,   0:02:44
30.898685836112733,1.32779124492e+18,0.0,0.0,   0:07:14,   0:02:43
30.615404981626213,1.32779124492e+18,0.0,0.0,   0:07:15,   0:02:42
30.33472126162442,1.32779124492e+18,0.0,0.0,   0:07:16,   0:02:42
30.05661086543531,1.32779124492e+18,0.0,0.0,   0:07:16,   0:02:41
29.78105020068435,1.32779124492e+18,0.0,0.0,   0:07:17,   0:02:41
29.508015891293244,1.32779124492e+18,0.0,0.0,   0:07:17,   0:02:40
29.23748477549675,1.32779124492e+18,0.0,0.0,   0:07:18,   0:02:39
28.969433903878123,1.32779124492e+18,0.0,0.0,   0:07:18,   0:02:39
28.70384053742206,1.32779124492e+18,0.0,0.0,   0:07:19,   0:02:38
28.440682145585733,1.32779124492e+18,0.0,0.0,   0:07:19,   0:02:38
28.17993640438774,1.32779124492e+18,0.0,0.0,   0:07:20,   0:02:37
27.921581194514005,1.32779124492e+18,0.0,0.0,   0:07:21,   0:02:37
27.665594599441658,1.32779124492e+18,0.0,0.0,   0:07:22,   0:02:36
27.411954903579595,1.32779124492e+18,0.0,0.0,   0:07:22,   0:02:35
27.160640590426627,1.32779124492e+18,0.0,0.0,   0:07:23,   0:02:35
26.911630340745862,1.32779124492e+18,0.0,0.0,   0:07:24,   0:02:34
26.664903030756427,1.32779124492e+18,0.0,0.0,   0:07:24,   0:02:34
26.420437730341444,1.32779124492e+18,0.0,0.0,   0:07:25,   0:02:33
26.17821370127247,1.32779124492e+18,0.0,0.0,   0:07:26,   0:02:33
25.938210395450287,1.32779124492e+18,1.0,0.0,   0:07:27,   0:02:32
25.70040745316181,1.32779124492e+18,0.0,0.0,   0:07:27,   0:02:31
25.46478470135291,1.32779124492e+18,0.0,0.0,   0:07:28,   0:02:31
25.231322151917094,1.32779124492e+18,1.0,0.0,   0:07:28,   0:02:30
24.999999999999986,1.32779124492e+18,1.0,0.0,   0:07:29,   0:02:30
24.77079862231917,1.32779124492e+18,1.0,0.0,   0:07:30,   0:02:29
24.54369857549961,1.32779124492e+18,1.0,0.0,   0:07:30,   0:02:29
24.3186805944241,1.32779124492e+18,0.0,0.0,   0:07:31,   0:02:28
24.095725590599255,1.32779124492e+18,0.0,0.0,   0:07:32,   0:02:27
23.874814650535885,1.32779124492e+18,0.0,0.0,   0:07:32,   0:02:27
23.655929034144812,1.32779124492e+18,1.0,0.0,   0:07:33,   0:02:26
23.43905017314699,1.32779124492e+18,0.0,0.0,   0:07:33,   0:02:26
23.224159669498388,1.32779124492e+18,0.0,0.0,   0:07:34,   0:02:25
23.01123929382928,1.32779124492e+18,0.0,0.0,   0:07:34,   0:02:24
22.80027098389772,1.32779124492e+18,0.0,0.0,   0:07:35,   0:02:24
22.591236843057526,1.32779124492e+18,0.0,0.0,   0:07:35,   0:02:23
22.38411913873983,1.32779124492e+18,0.0,0.0,   0:07:36,   0:02:22
22.178900300949007,1.32779124492e+18,0.0,0.0,   0:07:37,   0:02:22
21.975562920772088,1.32779124492e+18,1.0,0.0,   0:07:38,   0:02:21
21.774089748902014,1.32779124492e+18,0.0,0.0,   0:07:38,   0:02:21
21.574463694174234,1.32779124492e+18,1.0,0.0,   0:07:39,   0:02:20
21.376667822117074,1.32779124492e+18,0.0,0.0,   0:07:39,   0:02:20
21.1806853535149,1.32779124492e+18,1.0,0.0,   0:07:40,   0:02:19
20.986499662984905,1.32779124492e+18,0.0,0.0,   0:07:40,   0:02:18
20.79409427756676,1.32779124492e+18,0.0,0.0,   0:07:41,   0:02:18
20.603452875325036,1.32779124492e+18,0.0,0.0,   0:07:42,   0:02:17
20.414559283964806,1.32779124492e+18,0.0,0.0,   0:07:42,   0:02:17
20.227397479459533,1.32779124492e+18,0.0,0.0,   0:07:43,   0:02:16
20.04195158469197,1.32779124492e+18,1.0,0.0,   0:07:43,   0:02:15
19.858205868107024,1.32779124492e+18,0.0,0.0,   0:07:44,   0:02:15
19.676144742377453,1.32779124492e+18,1.0,0.0,   0:07:45,   0:02:14
19.495752763081448,1.32779124492e+18,0.0,0.0,   0:07:45,   0:02:13
19.317014627392556,1.32779124492e+18,0.0,0.0,   0:07:46,   0:02:13
19.139915172781386,1.32779124492e+18,0.0,0.0,   0:07:47,   0:02:12
18.96443937572957,1.32779124492e+18,0.0,0.0,   0:07:47,   0:02:12
18.790572350455125,1.32779124492e+18,0.0,0.0,   0:07:48,   0:02:11
18.618299347649714,1.32779124492e+18,0.0,0.0,   0:07:48,   0:02:11
18.44760575322751,1.32779124492e+18,0.0,0.0,   0:07:49,   0:02:10
18.27847708708542,1.32779124492e+18,0.0,0.0,   0:07:50,   0:02:09
18.11089900187475,1.32779124492e+18,1.0,0.0,   0:07:50,   0:02:09
17.94485728178402,1.32779124492e+18,0.0,0.0,   0:07:51,   0:02:08
17.780337841333218,1.32779124492e+18,0.0,0.0,   0:07:51,   0:02:07
17.617326724178664,1.32779124492e+18,0.0,0.0,   0:07:51,   0:02:07
17.45581010192927,1.32779124492e+18,0.0,0.0,   0:07:52,   0:02:06
17.295774272973397,1.32779124492e+18,0.0,0.0,   0:07:52,   0:02:06
17.137205661316536,1.32779124492e+18,0.0,0.0,   0:07:53,   0:02:05
16.98009081542961,1.32779124492e+18,0.0,0.0,   0:07:54,   0:02:04
16.824416407107922,1.32779124492e+18,1.0,0.0,   0:07:54,   0:02:04
16.670169230340544,1.32779124492e+18,0.0,0.0,   0:07:55,   0:02:03
16.517336200189888,1.32779124492e+18,1.0,0.0,   0:07:55,   0:02:03
16.36590435168186,1.32779124492e+18,0.0,0.0,   0:07:56,   0:02:02
16.215860838705943,1.32779124492e+18,0.0,0.0,   0:07:56,   0:02:01
16.067192932925487,1.32779124492e+18,0.0,0.0,   0:07:57,   0:02:01
15.919888022697876,1.32779124492e+18,0.0,0.0,   0:07:58,   0:02:00
15.773933612004821,1.32779124492e+18,1.0,0.0,   0:07:59,   0:02:00
15.629317319392134,1.32779124492e+18,0.0,0.0,   0:07:59,   0:01:59
15.486026876919537,1.32779124492e+18,0.0,0.0,   0:08:00,   0:01:58
15.344050129119841,1.32779124492e+18,1.0,0.0,   0:08:00,   0:01:58
15.203375031967932,1.32779124492e+18,0.0,0.0,   0:08:01,   0:01:57
15.06398965185894,1.32779124492e+18,0.0,0.0,   0:08:01,   0:01:57
14.925882164595903,1.32779124492e+18,0.0,0.0,   0:08:02,   0:01:56
14.78904085438684,1.32779124492e+18,0.0,0.0,   0:08:03,   0:01:55
14.653454112850708,1.32779124492e+18,0.0,0.0,   0:08:04,   0:01:55
14.51911043803279,1.32779124492e+18,0.0,0.0,   0:08:04,   0:01:54
14.385998433428908,1.32779124492e+18,0.0,0.0,   0:08:04,   0:01:54
14.254106807018685,1.32779124492e+18,0.0,0.0,   0:08:05,   0:01:53
14.123424370307557,1.32779124492e+18,0.0,0.0,   0:08:05,   0:01:52
13.993940037377746,1.32779124492e+18,0.0,0.0,   0:08:06,   0:01:52
13.86564282394776,1.32779124492e+18,0.0,0.0,   0:08:06,   0:01:51
13.738521846440603,1.32779124492e+18,1.0,0.0,   0:08:07,   0:01:51
13.612566321060516,1.32779124492e+18,0.0,0.0,   0:08:08,   0:01:50
13.487765562878176,1.32779124492e+18,0.0,0.0,   0:08:08,   0:01:49
13.364108984924286,1.32779124492e+18,0.0,0.0,   0:08:09,   0:01:49
13.241586097291428,1.32779124492e+18,0.0,0.0,   0:08:10,   0:01:48
13.120186506244307,1.32779124492e+18,0.0,0.0,   0:08:10,   0:01:48
12.999899913337892,1.32779124492e+18,0.0,0.0,   0:08:11,   0:01:47
12.88071611454391,1.32779124492e+18,0.0,0.0,   0:08:11,   0:01:46
12.762624999385142,1.32779124492e+18,0.0,0.0,   0:08:12,   0:01:46
12.645616550077847,1.32779124492e+18,0.0,0.0,   0:08:13,   0:01:45
12.529680840681802,1.32779124492e+18,0.0,0.0,   0:08:13,   0:01:45
12.414808036258394,1.32779124492e+18,0.0,0.0,   0:08:13,   0:01:44
12.300988392036265,1.32779124492e+18,0.0,0.0,   0:08:14,   0:01:43
12.188212252584648,1.32779124492e+18,0.0,0.0,   0:08:15,   0:01:43
12.076470050994304,1.32779124492e+18,0.0,0.0,   0:08:15,   0:01:42
11.965752308065944,1.32779124492e+18,0.0,0.0,   0:08:16,   0:01:42
11.856049631506112,1.32779124492e+18,0.0,0.0,   0:08:16,   0:01:41
11.74735271513038,1.32779124492e+18,0.0,0.0,   0:08:17,   0:01:40
11.639652338073965,1.32779124492e+18,0.0,0.0,   0:08:17,   0:01:40
11.532939364009476,1.32779124492e+18,1.0,0.0,   0:08:18,   0:01:39
11.427204740371876,1.32779124492e+18,0.0,0.0,   0:08:18,   0:01:39
11.322439497590507,1.32779124492e+18,0.0,0.0,   0:08:19,   0:01:38
11.2186347483283,1.32779124492e+18,0.0,0.0,   0:08:19,   0:01:37
11.115781686727711,1.32779124492e+18,0.0,0.0,   0:08:20,   0:01:37
11.013871587663816,1.32779124492e+18,0.0,0.0,   0:08:21,   0:01:36
10.91289580600414,1.32779124492e+18,0.0,0.0,   0:08:22,   0:01:36
10.812845775875209,1.32779124492e+18,0.0,0.0,   0:08:22,   0:01:35
10.713713009935987,1.32779124492e+18,0.0,0.0,   0:08:23,   0:01:34
10.61548909865781,1.32779124492e+18,0.0,0.0,   0:08:23,   0:01:34
10.518165709611097,1.32779124492e+18,0.0,0.0,   0:08:24,   0:01:33
10.42173458675838,1.32779124492e+18,1.0,0.0,   0:08:24,   0:01:32
10.326187549754026,1.32779124492e+18,0.0,0.0,   0:08:25,   0:01:32
10.231516493250263,1.32779124492e+18,0.0,0.0,   0:08:25,   0:01:31
10.137713386209594,1.32779124492e+18,1.0,0.0,   0:08:26,   0:01:31
10.044770271223488,1.32779124492e+18,0.0,0.0,   0:08:26,   0:01:30
9.95267926383742,1.32779124492e+18,1.0,0.0,   0:08:27,   0:01:30
9.861432551881956,1.32779124492e+18,0.0,0.0,   0:08:28,   0:01:29
9.771022394810045,1.32779124492e+18,0.0,0.0,   0:08:29,   0:01:28
9.681441123040422,1.32779124492e+18,0.0,0.0,   0:08:29,   0:01:28
9.592681137306961,1.32779124492e+18,1.0,0.0,   0:08:30,   0:01:27
9.504734908014028,1.32779124492e+18,0.0,0.0,   0:08:30,   0:01:27
9.41759497459771,1.32779124492e+18,0.0,0.0,   0:08:31,   0:01:26
9.33125394489301,1.32779124492e+18,0.0,0.0,   0:08:31,   0:01:25
9.245704494506649,1.32779124492e+18,0.0,0.0,   0:08:32,   0:01:25
9.160939366195825,1.32779124492e+18,1.0,0.0,   0:08:32,   0:01:24
9.076951369252525,1.32779124492e+18,0.0,0.0,   0:08:33,   0:01:23
8.993733378893557,1.32779124492e+18,0.0,0.0,   0:08:33,   0:01:23
8.911278335656103,1.32779124492e+18,0.0,0.0,   0:08:34,   0:01:22
8.829579244798913,1.32779124492e+18,0.0,0.0,   0:08:34,   0:01:22
8.748629175708928,1.32779124492e+18,0.0,0.0,   0:08:35,   0:01:21
8.668421261313286,1.32779124492e+18,0.0,0.0,   0:08:35,   0:01:20
8.588948697496859,1.32779124492e+18,0.0,0.0,   0:08:36,   0:01:20
8.510204742525014,1.32779124492e+18,0.0,0.0,   0:08:37,   0:01:19
8.43218271647172,1.32779124492e+18,0.0,0.0,   0:08:37,   0:01:19
8.354876000652846,1.32779124492e+18,1.0,0.0,   0:08:38,   0:01:18
8.278278037064773,1.32779124492e+18,0.0,0.0,   0:08:38,   0:01:17
8.202382327827962,1.32779124492e+18,0.0,0.0,   0:08:39,   0:01:17
8.127182434635852,1.32779124492e+18,0.0,0.0,   0:08:40,   0:01:16
8.052671978208586,1.32779124492e+18,0.0,0.0,   0:08:40,   0:01:16
7.9788446377518945,1.32779124492e+18,0.0,0.0,   0:08:41,   0:01:15
7.9056941504209455,1.32779124492e+18,0.0,0.0,   0:08:41,   0:01:14
7.833214310788954,1.32779124492e+18,0.0,0.0,   0:08:42,   0:01:14
7.761398970320885,1.32779124492e+18,0.0,0.0,   0:08:43,   0:01:13
7.690242036851758,1.32779124492e+18,1.0,0.0,   0:08:43,   0:01:13
7.619737474069951,1.32779124492e+18,0.0,0.0,   0:08:44,   0:01:12
7.549879301005039,1.32779124492e+18,0.0,0.0,   0:08:45,   0:01:12
7.480661591520463,1.32779124492e+18,1.0,0.0,   0:08:45,   0:01:11
7.412078473810854,1.32779124492e+18,0.0,0.0,   0:08:46,   0:01:10
7.344124129903829,1.32779124492e+18,0.0,0.0,   0:08:47,   0:01:10
7.276792795166508,1.32779124492e+18,0.0,0.0,   0:08:47,   0:01:09
7.210078757816503,1.32779124492e+18,0.0,0.0,   0:08:48,   0:01:09
7.143976358437361,1.32779124492e+18,1.0,0.0,   0:08:49,   0:01:08
7.078479989498433,1.32779124492e+18,0.0,0.0,   0:08:49,   0:01:07
7.013584094879276,1.32779124492e+18,1.0,0.0,   0:08:50,   0:01:07
6.949283169398219,1.32779124492e+18,0.0,0.0,   0:08:51,   0:01:06
6.885571758345406,1.32779124492e+18,0.0,0.0,   0:08:51,   0:01:06
6.822444457020096,1.32779124492e+18,1.0,0.0,   0:08:52,   0:01:05
6.7598959102721095,1.32779124492e+18,0.0,0.0,   0:08:52,   0:01:04
6.697920812047585,1.32779124492e+18,0.0,0.0,   0:08:53,   0:01:04
6.636513904938834,1.32779124492e+18,0.0,0.0,   0:08:53,   0:01:03
6.5756699797384455,1.32779124492e+18,1.0,0.0,   0:08:54,   0:01:03
6.5153838749972355,1.32779124492e+18,0.0,0.0,   0:08:54,   0:01:02
6.455650476586481,1.32779124492e+18,0.0,0.0,   0:08:55,   0:01:01
6.396464717264109,1.32779124492e+18,0.0,0.0,   0:08:56,   0:01:01
6.337821576244767,1.32779124492e+18,0.0,0.0,   0:08:56,   0:01:00
6.279716078773954,1.32779124492e+18,1.0,0.0,   0:08:57,   0:01:00
6.222143295705964,1.32779124492e+18,0.0,0.0,   0:08:58,   0:00:59
6.165098343085839,1.32779124492e+18,0.0,0.0,   0:08:58,   0:00:58
6.108576381734926,1.32779124492e+18,0.0,0.0,   0:08:59,   0:00:58
6.052572616840446,1.32779124492e+18,0.0,0.0,   0:09:00,   0:00:57
5.997082297548721,1.32779124492e+18,0.0,0.0,   0:09:00,   0:00:57
5.94210071656219,1.32779124492e+18,0.0,0.0,   0:09:01,   0:00:56
5.887623209740017,1.32779124492e+18,0.0,0.0,   0:09:02,   0:00:56
5.833645155702494,1.32779124492e+18,1.0,0.0,   0:09:02,   0:00:55
5.780161975438978,1.32779124492e+18,0.0,0.0,   0:09:03,   0:00:54
5.727169131919428,1.32779124492e+18,0.0,0.0,   0:09:03,   0:00:54
5.674662129709555,1.32779124492e+18,0.0,0.0,   0:09:04,   0:00:53
5.6226365145894475,1.32779124492e+18,0.0,0.0,   0:09:05,   0:00:53
5.571087873175758,1.32779124492e+18,0.0,0.0,   0:09:05,   0:00:52
5.520011832547243,1.32779124492e+18,0.0,0.0,   0:09:06,   0:00:51
5.469404059873878,1.32779124492e+18,0.0,0.0,   0:09:07,   0:00:51
5.419260262049228,1.32779124492e+18,0.0,0.0,   0:09:07,   0:00:50
5.369576185326331,1.32779124492e+18,0.0,0.0,   0:09:08,   0:00:50
5.32034761495678,1.32779124492e+18,0.0,0.0,   0:09:09,   0:00:49
5.271570374833227,1.32779124492e+18,0.0,0.0,   0:09:09,   0:00:48
5.2232403271350965,1.32779124492e+18,0.0,0.0,   0:09:10,   0:00:48
5.175353371977598,1.32779124492e+18,0.0,0.0,   0:09:10,   0:00:47
5.1279054470639105,1.32779124492e+18,0.0,0.0,   0:09:11,   0:00:47
5.080892527340546,1.32779124492e+18,0.0,0.0,   0:09:12,   0:00:46
5.034310624655967,1.32779124492e+18,1.0,0.0,   0:09:12,   0:00:45
4.9881557874221985,1.32779124492e+18,0.0,0.0,   0:09:13,   0:00:45
4.942424100279655,1.32779124492e+18,0.0,0.0,   0:09:14,   0:00:44
4.8971116837649635,1.32779124492e+18,0.0,0.0,   0:09:15,   0:00:44
4.852214693981939,1.32779124492e+18,0.0,0.0,   0:09:15,   0:00:43
4.807729322275392,1.32779124492e+18,0.0,0.0,   0:09:16,   0:00:42
4.763651794908118,1.32779124492e+18,0.0,0.0,   0:09:16,   0:00:42
4.719978372740728,1.32779124492e+18,0.0,0.0,   0:09:17,   0:00:41
4.6767053509145,1.32779124492e+18,0.0,0.0,   0:09:18,   0:00:41
4.633829058537031,1.32779124492e+18,0.0,0.0,   0:09:18,   0:00:40
4.591345858370856,1.32779124492e+18,1.0,0.0,   0:09:19,   0:00:39
4.549252146524951,1.32779124492e+18,0.0,0.0,   0:09:19,   0:00:39
4.507544352148918,1.32779124492e+18,0.0,0.0,   0:09:20,   0:00:38
4.466218937130127,1.32779124492e+18,0.0,0.0,   0:09:21,   0:00:38
4.425272395793548,1.32779124492e+18,1.0,0.0,   0:09:21,   0:00:37
4.384701254604401,1.32779124492e+18,0.0,0.0,   0:09:22,   0:00:37
4.34450207187344,1.32779124492e+18,0.0,0.0,   0:09:23,   0:00:36
4.304671437465014,1.32779124492e+18,0.0,0.0,   0:09:23,   0:00:35
4.265205972507801,1.32779124492e+18,0.0,0.0,   0:09:24,   0:00:35
4.226102329108157,1.32779124492e+18,0.0,0.0,   0:09:25,   0:00:34
4.187357190066093,1.32779124492e+18,0.0,0.0,   0:09:25,   0:00:34
4.148967268593896,1.32779124492e+18,0.0,0.0,   0:09:26,   0:00:33
4.110929308037328,1.32779124492e+18,0.0,0.0,   0:09:27,   0:00:32
4.0732400815993,1.32779124492e+18,0.0,0.0,   0:09:27,   0:00:32
4.0358963920662125,1.32779124492e+18,0.0,0.0,   0:09:28,   0:00:31
3.998895071536665,1.32779124492e+18,0.0,0.0,   0:09:29,   0:00:31
3.96223298115278,1.32779124492e+18,0.0,0.0,   0:09:29,   0:00:30
3.9259070108338805,1.32779124492e+18,0.0,0.0,   0:09:30,   0:00:29
3.889914079012688,1.32779124492e+18,0.0,0.0,   0:09:30,   0:00:29
3.8542511323738964,1.32779124492e+18,0.0,0.0,   0:09:31,   0:00:28
3.8189151455951755,1.32779124492e+18,0.0,0.0,   0:09:31,   0:00:28
3.783903121090517,1.32779124492e+18,0.0,0.0,   0:09:32,   0:00:27
3.7492120887559266,1.32779124492e+18,1.0,0.0,   0:09:33,   0:00:26
3.714839105717513,1.32779124492e+18,0.0,0.0,   0:09:33,   0:00:26
3.6807812560817954,1.32779124492e+18,0.0,0.0,   0:09:34,   0:00:25
3.6470356506883728,1.32779124492e+18,0.0,0.0,   0:09:34,   0:00:25
3.61359942686481,1.32779124492e+18,0.0,0.0,   0:09:35,   0:00:24
3.5804697481838526,1.32779124492e+18,0.0,0.0,   0:09:35,   0:00:23
3.547643804222727,1.32779124492e+18,0.0,0.0,   0:09:36,   0:00:23
3.5151188103247843,1.32779124492e+18,1.0,0.0,   0:09:36,   0:00:22
3.4828920073632537,1.32779124492e+18,0.0,0.0,   0:09:37,   0:00:22
3.450960661507211,1.32779124492e+18,0.0,0.0,   0:09:38,   0:00:21
3.4193220639896236,1.32779124492e+18,1.0,0.0,   0:09:38,   0:00:20
3.3879735308775816,1.32779124492e+18,0.0,0.0,   0:09:39,   0:00:20
3.356912402844654,1.32779124492e+18,0.0,0.0,   0:09:39,   0:00:19
3.326136044945225,1.32779124492e+18,1.0,0.0,   0:09:40,   0:00:19
3.295641846391017,1.32779124492e+18,1.0,0.0,   0:09:41,   0:00:18
3.2654272203295998,1.32779124492e+18,0.0,0.0,   0:09:42,   0:00:17
3.2354896036249636,1.32779124492e+18,0.0,0.0,   0:09:42,   0:00:17
3.2058264566400543,1.32779124492e+18,0.0,0.0,   0:09:43,   0:00:16
3.176435263021352,1.32779124492e+18,0.0,0.0,   0:09:44,   0:00:16
3.1473135294854124,1.32779124492e+18,0.0,0.0,   0:09:44,   0:00:15
3.1184587856073542,1.32779124492e+18,0.0,0.0,   0:09:45,   0:00:14
3.089868583611275,1.32779124492e+18,0.0,0.0,   0:09:46,   0:00:14
3.0615404981626173,1.32779124492e+18,0.0,0.0,   0:09:46,   0:00:13
3.033472126162441,1.32779124492e+18,0.0,0.0,   0:09:47,   0:00:13
3.0056610865435274,1.32779124492e+18,0.0,0.0,   0:09:48,   0:00:12
2.9781050200684342,1.32779124492e+18,0.0,0.0,   0:09:48,   0:00:11
2.9508015891293184,1.32779124492e+18,0.0,0.0,   0:09:49,   0:00:11
2.9237484775496743,1.32779124492e+18,0.0,0.0,   0:09:50,   0:00:10
2.896943390387814,1.32779124492e+18,0.0,0.0,   0:09:50,   0:00:10
2.8703840537422076,1.32779124492e+18,1.0,0.0,   0:09:51,   0:00:09
2.844068214558575,1.32779124492e+18,0.0,0.0,   0:09:51,   0:00:08
2.8179936404387713,1.32779124492e+18,0.0,0.0,   0:09:52,   0:00:08
2.7921581194514,1.32779124492e+18,1.0,0.0,   0:09:53,   0:00:07
2.766559459944165,1.32779124492e+18,1.0,0.0,   0:09:53,   0:00:07
2.741195490357959,1.32779124492e+18,0.0,0.0,   0:09:54,   0:00:06
2.7160640590426626,1.32779124492e+18,0.0,0.0,   0:09:54,   0:00:05
2.691163034074588,1.32779124492e+18,0.0,0.0,   0:09:55,   0:00:05
2.6664903030756424,1.32779124492e+18,0.0,0.0,   0:09:55,   0:00:04
2.6420437730341413,1.32779124492e+18,0.0,0.0,   0:09:56,   0:00:04
2.617821370127246,1.32779124492e+18,0.0,0.0,   0:09:57,   0:00:03
2.5938210395450305,1.32779124492e+18,1.0,0.0,   0:09:57,   0:00:02
2.5700407453161804,1.32779124492e+18,0.0,0.0,   0:09:58,   0:00:02
2.546478470135291,1.32779124492e+18,1.0,0.0,   0:09:59,   0:00:01
2.5231322151917115,1.32779124492e+18,0.0,0.0,   0:09:59,   0:00:01
2.499999999999998,1.32779124492e+18,0.0,0.0,   0:10:00,   0:00:00